credit_score,credit_limit,total_overdue_payments,highest_balance,current_balance,income,age,employment_status,duration_of_credit,risk_score
525,1700,11,1520,1223,462223,68,1,47,0.6690048095280364
506,2800,7,2493,1467,271572,62,2,44,0.5435064935064935
804,20000,14,16803,10491,64248,24,0,2,0.6709586206895168
331,2200,9,1430,559,324787,29,2,12,0.5626191320170955
801,20100,9,11931,1783,228244,54,2,33,0.315712415599185
572,2600,13,1968,319,297399,68,2,47,0.47367369015882427
637,7000,9,3615,2368,364699,50,0,29,0.6411217294196928
339,2800,14,2756,1167,496964,43,1,28,0.7377779713388675
566,2400,5,1967,359,259393,46,1,23,0.5037140341269669
541,2000,6,1693,145,488525,54,2,33,0.4436722915574257
463,2400,12,2387,725,222273,40,2,16,0.5804310768161456
636,2300,0,2118,384,279617,25,1,1,0.36044664031620555
635,6100,0,3836,690,264862,26,2,6,0.23402235469448585
735,5100,10,3763,1383,21804,48,0,28,0.6265972493810628
738,7100,0,6733,3732,214322,47,1,25,0.37200064020486556
767,10000,5,5147,4970,88073,50,0,27,0.5687303977633306
573,1100,11,823,810,60817,58,2,33,0.552839034126967
699,14100,11,7138,654,491174,39,2,25,0.35577810569369805
460,1100,3,1051,990,70503,28,2,14,0.5805909090909092
500,1100,8,743,397,493956,53,2,39,0.4980417046175702
486,2000,2,1136,709,166749,54,1,39,0.48307767049060324
832,20100,14,12747,11919,69728,18,2,1,0.4126009748279158
667,2600,11,1989,1189,463629,52,2,35,0.47077609706402995
381,2200,0,1218,82,395831,20,2,4,0.32681818181818184
651,4700,14,3736,2895,412035,56,1,36,0.5974267348094394
339,1800,0,1355,494,144650,28,1,6,0.4863560606060606
678,11500,9,8533,3245,464595,47,0,26,0.6479043098827081
326,1800,3,1733,331,467358,47,2,30,0.5351818181818182
498,2900,11,1475,1128,494818,49,2,33,0.4988860560705406
329,2700,12,2370,2297,195304,67,2,52,0.7061179455030143
831,49200,5,29565,2502,495704,54,2,40,0.26064973257486046
776,16000,5,14938,6386,432725,24,2,1,0.3877969886724215
652,5400,11,3673,3576,253766,25,2,11,0.49560923614716895
329,1000,5,752,189,11501,35,0,12,0.7572163068542397
838,25700,5,13670,11113,308758,24,1,8,0.3793505304127822
535,1800,1,1614,88,316790,44,2,24,0.36001515151515157
359,1000,4,970,757,30685,25,2,5,0.6733282229261862
781,10000,2,6199,5961,291650,58,1,42,0.3930117613996942
429,2100,7,1335,158,482475,43,2,19,0.47300649350649354
422,1000,12,936,767,484434,57,2,42,0.6600174404525092
517,1200,7,608,319,249791,66,2,49,0.4422386363636364
779,10900,6,10228,1981,290195,30,2,8,0.36565423484349746
491,2200,9,1865,1330,428865,35,2,12,0.5721191320170955
354,1700,3,1121,492,105464,49,1,25,0.5677780748663102
670,5000,10,4792,5,53088,35,2,14,0.4236997627500467
832,25200,0,16354,15700,353648,50,1,36,0.2989794372294372
312,1800,3,1043,407,412235,44,2,28,0.49037878787878786
813,23900,7,23473,9029,286307,42,1,20,0.4708056295169266
496,2800,9,2512,1429,399810,22,2,0,0.5631304956534591
396,1200,3,1092,337,219911,32,2,10,0.5099886363636364
496,1600,3,1051,681,374979,45,0,29,0.6732840909090909
529,1000,12,652,34,65847,20,0,3,0.6838310768161455
387,1500,13,804,658,88022,39,2,15,0.5720222915574257
426,2000,10,1649,1108,184204,27,1,12,0.6724738536591376
459,1200,3,805,527,134119,25,1,11,0.5442272727272727
845,20100,13,12057,1530,173799,43,0,22,0.5440359957636671
603,2600,0,2495,1446,166330,57,1,32,0.43963811188811186
783,13000,12,8338,5052,312172,68,2,47,0.3949765313616001
467,2000,0,1313,620,102277,60,2,42,0.34406590909090906
323,1200,4,982,490,427316,54,2,30,0.5646418592898227
635,2100,12,1474,1023,121615,67,2,52,0.4861064014914702
770,21000,1,15566,10135,442110,56,2,32,0.2949422077922078
662,5000,5,2926,176,254660,38,1,19,0.40776267049060333
387,1900,8,1753,549,434542,38,1,18,0.6506876376319242
399,1600,14,1402,1104,234727,19,2,2,0.6602820297804259
510,1300,6,1121,46,121263,65,2,44,0.4545670468021809
622,3200,8,2927,2470,182454,43,2,23,0.5401169887084792
643,6000,1,5188,2901,498810,53,0,29,0.5963159090909091
353,1700,7,1275,275,375209,24,0,3,0.7626737967914439
620,2100,7,1624,1500,130767,52,0,29,0.7276883116883117
634,5000,3,3010,1844,476061,67,0,47,0.5938018181818181
600,9000,5,6443,3723,451919,38,0,16,0.6623178220057548
596,3300,4,2271,2251,180550,52,2,37,0.46209640474436814
502,2600,2,1629,1332,150463,50,2,34,0.4332568662947991
388,1000,1,949,87,17583,64,0,49,0.5904
550,1200,2,1053,202,68944,37,2,12,0.3974867613996942
736,5600,8,3065,354,463769,63,1,40,0.40189478903315456
415,2400,10,1916,573,379493,27,2,11,0.5512613536591376
646,8900,0,8255,2147,478102,68,1,48,0.3680418794688457
490,2000,11,1014,46,218978,31,2,13,0.44738448867242153
767,10200,8,10027,5095,206817,26,1,4,0.5186058757405648
716,5600,13,5499,5482,336630,47,2,22,0.5704107655833998
659,5000,7,3113,1807,289421,39,1,16,0.48441818181818186
500,1000,4,621,358,58255,51,1,29,0.5220373138352772
798,12900,14,10851,9019,494223,54,0,34,0.7000274050446965
833,20000,11,11428,7045,167838,45,2,25,0.35052289776333057
467,1900,9,1311,1170,362235,32,2,16,0.5610557348879088
708,5100,1,4361,3490,355372,27,2,13,0.37045721925133696
404,1700,6,1271,46,137071,30,2,10,0.48430090118309416
491,3000,6,1839,1711,366750,46,2,28,0.5060495642846984
523,2400,3,2002,1081,214034,62,2,48,0.4663238636363636
657,2000,6,1303,400,42698,28,1,4,0.5058200188301529
610,2200,1,1981,531,100276,28,2,4,0.3553636363636364
698,7700,7,6013,4089,300923,22,1,5,0.5158831168831168
788,10100,13,10043,3963,130154,34,1,10,0.5265594652747974
774,10100,11,7088,4602,192176,30,0,11,0.637407440967651
759,19100,2,13811,9268,415803,41,2,17,0.3268604524991706
622,2000,2,1422,1128,135795,18,2,0,0.3991344886724215
442,2500,9,2119,1613,190289,30,1,5,0.6754709501989136
525,1700,5,1647,1029,327475,65,0,50,0.763093044822154
817,20000,1,19841,13621,92953,34,1,17,0.41596500000000003
778,10100,1,5860,849,199237,69,0,54,0.4323658865886589
375,2700,13,1471,902,261724,56,1,32,0.6381101703453045
504,1800,12,984,810,409864,52,0,37,0.7417947131797819
574,2700,6,2215,1767,299635,69,0,52,0.737044513779648
423,2700,9,1922,663,289145,52,0,34,0.7537984249463883
815,38500,1,36648,18163,490915,23,1,5,0.37945844155844155
458,1500,3,1186,1101,449485,43,2,19,0.5318818181818182
538,1500,10,1159,513,425515,65,1,48,0.5819897627500468
329,2600,0,2100,398,278839,61,1,46,0.48093356643356644
656,5000,10,3168,2413,472559,57,1,37,0.5285833991136831
370,1000,12,758,324,23124,34,2,11,0.6405038040888728
511,1800,13,1571,1026,392466,21,0,0,0.810875321860456
495,1100,13,871,202,499102,46,1,24,0.5980495642846984
533,1200,2,826,525,331739,34,1,20,0.49221403412696696
621,4400,4,3642,3019,487156,67,0,49,0.6972668592898227
495,1800,8,1082,15,188532,47,1,29,0.5112765531024187
428,1100,2,822,599,299014,42,0,25,0.7148390341269669
480,1100,0,607,536,395538,57,0,34,0.5740454545454545
433,1400,8,1343,803,111643,26,2,5,0.6029702760461417
370,3000,9,1742,1418,402745,46,0,32,0.7922782229261863
407,3000,1,1711,466,155610,39,1,22,0.4602136363636363
532,1900,8,1843,1157,200805,28,2,3,0.5648838098807281
656,3200,14,2672,1157,147167,64,2,39,0.4880107229622442
301,1000,1,771,149,54176,55,0,32,0.6875454545454546
704,5600,2,2894,1542,495617,29,1,11,0.36443318997112273
556,1900,0,1693,1517,261030,57,2,34,0.4120574162679426
601,2100,11,1316,1060,115274,57,1,42,0.5621442289321618
451,1900,9,1444,623,446522,33,2,12,0.5356442516343204
364,2500,11,1537,873,488324,43,1,25,0.6447572159451487
386,1300,3,1153,9,175613,69,2,49,0.46998601398601403
443,1800,12,1400,496,281225,60,2,37,0.5530219859070546
394,1900,6,1353,752,251554,61,2,47,0.5388246839019233
396,1600,9,940,59,229097,60,2,39,0.49111629110800453
544,1100,5,737,35,45131,64,2,46,0.4486117613996942
510,1000,10,523,39,55719,51,2,37,0.43681703547731954
544,2800,13,2462,1675,363404,58,1,34,0.6510836551937893
599,3200,5,2605,1958,343277,46,2,31,0.4822296591269669
321,1300,6,931,835,251344,69,2,48,0.6095915223266564
404,1800,2,925,382,243759,23,2,8,0.41589206442999727
751,10000,5,5961,2818,92694,20,1,5,0.40593312503605783
677,5500,14,5287,981,383337,37,2,13,0.46992634796224414
303,1500,4,1336,388,252615,49,2,31,0.5621327683807318
646,3300,9,2837,1488,159041,46,2,22,0.48041458656255
532,3000,7,2958,86,158930,35,2,15,0.47174545454545463
617,2500,6,1640,564,239431,60,0,39,0.6285168370119711
301,1100,9,771,330,423411,57,1,40,0.6657782229261864
450,1300,10,1247,121,71813,50,1,34,0.6126359165962005
783,13300,5,11997,11594,276065,42,0,19,0.6757665802650393
712,8900,7,5313,1390,393491,62,2,43,0.3506991828396323
350,1000,6,572,472,16286,51,2,30,0.5992404733756074
689,7000,2,6172,3857,249255,37,1,17,0.4673370860750189
832,20100,2,16010,4329,163480,35,2,13,0.26421352530742825
759,11000,8,9077,1386,402585,54,2,29,0.36753715916302476
535,1600,13,1286,1123,488942,69,2,44,0.5843933142846984
724,5000,6,4321,796,144610,44,0,29,0.6011504733756075
513,1000,5,694,614,38753,57,1,41,0.628629943217876
529,1700,7,1484,502,294614,35,2,17,0.49614438502673797
737,10900,0,5522,4087,408366,52,1,31,0.2835975813177648
729,7200,14,4050,3902,345601,68,2,44,0.4410111964470926
301,2100,6,1090,1020,344166,42,2,22,0.5656274863626205
521,2500,3,1573,1113,317707,53,2,35,0.43570545454545456
846,20100,4,18303,3211,159345,53,2,35,0.3034668253685201
373,1000,9,636,531,17386,22,2,4,0.63296458656255
832,31700,0,29413,21344,380726,28,2,12,0.2733568970461715
568,2200,0,2005,1604,345454,38,0,18,0.62425
398,1100,3,1026,863,104044,40,0,24,0.8130454545454545
755,10000,4,7633,4598,126912,34,1,13,0.4427432229261863
712,9800,13,9306,5476,384746,65,2,41,0.5043501208709693
400,2400,5,2060,759,246679,28,2,4,0.5349810795815123
353,2300,4,1415,1116,431485,36,2,17,0.5320707130447634
828,20000,10,19844,13526,179452,35,2,16,0.45824658093186493
411,1600,8,1449,522,244674,29,2,15,0.5678229546175703
319,1600,13,1437,270,464740,40,2,26,0.6167626324665165
642,2400,4,1956,603,250814,39,1,22,0.47057935928982264
568,1200,4,990,553,254691,19,2,3,0.46215322292618627
395,1900,13,1619,1515,491295,44,2,26,0.669606980552641
843,20200,12,12397,7589,224158,57,1,43,0.4366146951779817
611,7300,0,5713,1149,415533,56,1,36,0.34963636363636363
302,1000,1,550,154,449085,25,2,4,0.4296909090909091
620,2600,9,2130,1017,122846,20,0,5,0.702199551597515
768,10000,14,5718,586,458903,52,2,31,0.3521772570531532
823,20100,6,16506,9648,197068,32,2,12,0.37281957785321945
588,3500,7,3123,1139,211212,21,1,3,0.5517480519480519
651,5000,2,3918,470,247397,57,2,34,0.3263426704906033
371,2900,14,1961,977,445276,52,2,28,0.590037319749078
715,6400,2,3812,1063,210482,43,1,27,0.3548695738996942
633,3300,12,2171,1503,260447,18,0,0,0.7006583495434183
507,1900,6,1017,496,423076,61,0,43,0.6657242054330238
630,7500,7,4791,41,394972,69,2,54,0.37164
788,10000,14,6436,5730,105836,61,2,43,0.4310163479622441
824,20100,5,14092,10726,114865,45,1,25,0.4262752620781203
507,1100,10,961,286,108228,19,1,3,0.5989261263864104
665,2100,4,1736,787,37723,58,0,44,0.6304015995495629
763,13000,13,8700,5523,303563,51,2,37,0.41902473910987326
659,6200,12,5657,3816,309426,61,0,39,0.7510256515962042
693,6800,10,3891,1310,330057,49,2,30,0.38406315847197187
563,1000,9,968,517,49776,39,1,19,0.6693009501989136
598,2300,8,1806,1136,106596,66,2,42,0.48991126983496147
804,20500,8,14166,11861,215419,60,1,39,0.4698468043958407
423,1200,14,971,33,155115,31,2,8,0.5399354388713351
425,1200,6,923,289,172740,37,2,22,0.5100495642846984
378,1200,8,610,308,146110,61,2,41,0.5127917046175702
414,1200,3,757,107,60320,45,1,21,0.5061818181818183
680,6400,4,5827,3084,485306,58,2,41,0.42722069451709543
663,4800,2,2770,466,377367,61,1,43,0.3653731250360578
404,1100,4,1005,469,42731,46,2,23,0.5948236774716409
774,10000,5,7086,6819,130052,54,0,29,0.6223685795815124
455,1100,1,861,4,71171,41,2,18,0.37250000000000005
818,25600,5,14052,7815,388425,38,2,13,0.29692053270651236
708,6000,13,4431,4054,446095,56,1,40,0.5670382006483348
502,2500,1,1435,462,318773,44,2,26,0.34700181818181824
456,2600,8,2386,1984,416329,39,1,14,0.6897025437784093
623,6400,2,5238,2838,413223,36,2,21,0.39671119321787607
597,5600,14,5208,1717,462553,45,2,29,0.5208356012089974
728,12500,2,8797,6257,378502,41,2,21,0.3403506704906033
614,4800,13,4630,2479,242140,65,1,45,0.6197967233756074
843,20000,1,15673,14740,189430,19,2,1,0.3062793181818182
717,5800,0,3316,2734,176338,65,2,51,0.24192006269592478
527,3000,13,2157,218,204989,42,1,27,0.5559359279210621
540,1100,3,803,71,435028,57,2,39,0.38509090909090915
353,1200,8,808,622,249219,42,2,23,0.5881553409812066
497,3000,4,1668,923,261470,69,1,47,0.5061009501989135
498,1900,9,988,417,252414,23,2,7,0.4620174573759472
553,1000,1,646,612,464625,20,2,6,0.3987
679,5100,6,4176,394,146624,23,2,9,0.3775067835360353
484,2400,4,2298,533,378444,26,1,10,0.5593975411080044
762,10300,10,9375,6573,221306,33,0,18,0.6952240081163309
661,3900,7,3138,1008,157960,39,2,17,0.4203706293706294
790,17400,3,13047,856,488166,39,2,16,0.27212617554858937
588,2000,9,1047,685,129496,45,2,21,0.44008731383527727
323,2000,7,1345,1205,490361,28,2,11,0.6057954545454546
827,20000,11,15805,12130,47358,45,2,31,0.4742151704906033
523,1300,5,735,678,317666,60,2,36,0.465922950210883
732,11900,14,6054,1601,441932,32,0,10,0.5954724900554451
539,2400,6,2184,142,370354,29,2,9,0.45210638246651663
508,1000,7,751,646,13876,65,2,50,0.5900045454545454
434,2600,6,2260,555,326567,32,1,8,0.5918625013476354
636,4100,10,3676,2265,380448,69,1,51,0.5875979667411776
526,2300,12,2293,466,357417,21,2,0,0.5372294957884776
792,22500,5,19905,7402,455661,47,1,24,0.4376584280663608
514,2400,11,2261,2125,337678,54,0,38,0.8561003977633306
778,17500,11,12763,628,421582,57,1,35,0.4267553977633305
636,2100,1,1616,798,37706,69,0,46,0.5697012987012987
581,4700,6,2890,1861,475402,53,1,30,0.5142681329500756
804,20000,8,14426,9425,151290,64,2,49,0.3832878409812066
678,7100,8,3560,3424,496805,42,0,22,0.6342273640285817
580,5800,2,5605,4475,240779,65,2,41,0.48766505293574436
559,2800,11,2551,600,240680,55,2,32,0.5053244237373565
498,2000,10,1853,1058,350818,46,1,27,0.6512965809318649
300,1100,2,1047,146,329506,69,1,53,0.5919299432178761
543,1200,4,940,687,74941,59,0,35,0.7090168592898226
797,20100,13,14644,9653,455783,41,2,16,0.42077955071617734
814,21100,10,13966,705,233754,54,1,34,0.39363142582630695
363,2100,6,1718,731,142166,35,2,16,0.561659953895088
475,2000,5,1223,474,431724,54,1,37,0.5269776704906033
451,1300,6,990,895,377635,23,2,4,0.5642313824665166
557,1100,10,984,891,428143,44,2,30,0.5868352172955013
690,5300,5,2694,2318,227915,58,0,44,0.5938244543671041
380,2900,4,1546,1546,425249,22,0,7,0.7396638028634903
844,20100,0,15346,9942,69992,38,1,14,0.29144369063772047
523,2400,12,1709,631,284770,62,2,39,0.5049083495434182
770,15100,9,8303,2843,352368,21,2,7,0.3381818954126403
372,2400,6,1554,1088,445928,45,0,26,0.7727654733756074
714,5000,12,3925,1267,491694,27,2,5,0.42760016772523646
741,10400,13,5663,4038,233292,57,2,33,0.404831469879104
526,2600,7,1949,1071,469977,18,0,3,0.7215034965034965
595,3800,3,3161,2345,385763,65,2,46,0.45825119617224885
412,1100,10,581,306,18395,24,0,10,0.7430170354773195
387,1500,12,1460,1219,359233,57,2,39,0.6883765313616002
668,4800,13,2877,2174,493853,52,2,32,0.45593876883015294
825,20000,14,10367,711,54000,55,2,39,0.31479316614406233
739,5500,5,5464,4706,194056,44,0,23,0.7070663068542397
651,2000,8,1501,1340,94623,33,2,12,0.48702579552666114
815,28200,2,16920,8651,412066,28,2,8,0.2561731733919572
372,1100,14,764,462,19459,56,2,37,0.6547990752349713
702,5200,8,4705,3637,363504,28,0,10,0.7164035927294583
482,2000,8,1481,179,246946,53,2,34,0.47526897734484297
715,7700,1,6789,3599,346386,26,1,7,0.4137272727272727
320,2500,0,1485,877,468186,45,2,27,0.40762909090909094
761,12500,12,8463,2750,296549,62,1,42,0.46003253136160005
543,1300,12,997,32,223909,53,0,36,0.6932982096832785
728,5100,6,4910,320,37203,53,2,38,0.4246458209691904
680,8500,10,8386,3508,303781,23,2,5,0.48513842585165107
396,2600,4,1424,104,343132,61,2,42,0.43561388726185063
507,1000,10,660,230,483972,23,0,8,0.7123806718409558
540,1000,11,850,445,389118,58,2,44,0.5394072159451488
846,34000,7,18326,12478,364208,56,2,37,0.3127181818181819
616,2100,13,1766,1481,68917,19,2,5,0.5536599538950879
573,2700,11,1539,1158,330695,45,1,26,0.5549905492784821
378,2900,11,2522,2314,248002,65,2,47,0.6689315106159952
507,2500,2,1877,1332,139865,30,2,13,0.4526972159451488
407,1100,3,1034,267,73275,56,2,34,0.5037727272727273
511,1200,2,688,40,376437,30,2,11,0.349339034126967
791,10100,6,9684,3487,115497,45,2,30,0.38779483881215115
603,4000,13,3660,2959,183708,47,2,30,0.5758529733756075
349,1900,0,1266,283,170731,22,1,6,0.45001674641148326
675,7400,3,5011,3657,355129,41,2,19,0.3802481572481573
318,1000,4,905,337,53010,26,2,7,0.56921458656255
499,1100,11,822,60,129107,52,2,38,0.4840663068542396
721,5000,8,2528,209,141144,64,2,40,0.3242426137084793
731,5100,9,4522,4491,16335,40,1,16,0.6352755491293949
411,1800,6,1585,1266,407174,66,2,41,0.6024965339816681
752,11400,2,6694,2691,303217,29,2,14,0.2722804216867755
587,4400,13,2205,2123,249166,20,1,1,0.5574586551937892
342,1000,10,861,327,43100,42,1,22,0.7320806718409558
349,2400,10,1622,657,499704,44,2,19,0.5681363536591376
750,10000,8,5883,1392,114132,42,1,22,0.41307579552666107
646,2100,5,1164,479,444729,20,1,1,0.43933254062047333
574,2500,12,1414,807,405881,54,0,37,0.6937365313616001
672,5000,4,4681,3277,78177,27,1,6,0.535745495653459
546,1100,8,784,147,94903,33,2,16,0.4486326137084793
586,7000,5,6935,4716,494487,54,2,39,0.5239124107503436
847,24100,2,18510,13279,366381,34,1,10,0.3784686078727233
620,2100,12,1247,166,417333,52,2,37,0.4154960118810806
395,1700,2,1296,140,315819,50,2,35,0.43777218920718075
434,2000,2,1321,246,399088,25,2,11,0.410864034126967
762,10100,10,6182,1720,124222,63,2,42,0.35532801657542934
719,7900,11,4750,1325,470485,31,1,16,0.4541416808473352
492,2200,0,1156,888,304433,18,2,4,0.3270909090909091
603,6900,9,4397,1489,420705,67,2,50,0.43132565375622595
685,9600,9,8056,507,365860,57,2,37,0.3998932797443682
393,1100,4,578,570,64762,55,1,35,0.5803691320170954
512,2000,12,1765,235,376188,28,1,14,0.5886583495434182
789,10100,3,8404,6308,171912,59,0,38,0.5962223222322233
617,2900,13,2334,340,390762,29,2,10,0.4595871818395573
551,2300,1,1996,1754,364218,35,0,18,0.6804743083003952
343,2000,2,1235,1007,281408,41,0,17,0.7278526704906033
588,3000,14,1710,478,367245,31,2,14,0.448835438871335
395,1800,5,1256,1103,253676,62,2,48,0.557649640187573
512,1400,5,990,935,84833,22,2,8,0.5141344886724215
449,1100,3,823,764,47191,18,1,4,0.6486818181818181
411,2300,5,1363,1353,454268,63,2,40,0.5309240143641211
778,11600,9,9469,5299,311936,24,1,0,0.4897891947130202
766,16300,9,13690,8452,407607,18,2,2,0.43303895912250534
644,2000,13,1204,585,14370,51,1,33,0.5681791097392438
449,2300,2,1721,194,328096,48,1,30,0.4864121566566112
496,2100,4,1427,554,172074,60,2,42,0.44350549565345904
345,2200,13,2164,1787,142379,54,2,36,0.7142995642846983
420,1900,14,1788,574,219088,52,2,36,0.6022727594454976
378,2700,5,2657,306,419415,22,2,0,0.5334046906926235
717,5000,11,4798,4551,213774,56,0,38,0.7701726704906033
711,12300,9,10183,2982,391799,60,2,42,0.4148270034139912
588,5400,5,4503,1983,483364,41,0,27,0.6785057007936335
821,20100,4,12543,4131,135582,61,2,46,0.27871105874708185
328,1500,6,1383,560,331358,33,0,9,0.8219404733756075
542,2100,8,1665,1405,163541,41,2,18,0.5427819643578299
765,11900,1,11472,1800,264396,48,2,27,0.28093048128342246
338,1100,4,808,230,57993,31,2,15,0.5153691320170953
619,8000,2,5890,4647,379939,29,1,6,0.48181687503605786
790,10100,9,8163,460,75384,24,2,8,0.346433488452739
714,5100,8,4244,469,72650,59,0,35,0.608932078949121
317,2500,12,2302,467,284148,61,2,41,0.6184347131797819
641,8100,8,4844,4286,374615,29,2,6,0.44757032414618975
624,9000,3,7985,1206,390649,65,1,41,0.45591060606060607
365,1400,6,1203,377,199302,30,2,12,0.55510800584314
589,2100,14,1927,1133,92154,40,0,20,0.7825523219882182
737,8600,1,6488,4337,357246,28,2,7,0.3151717758985201
604,2100,9,1299,1040,21987,64,0,49,0.6199860151339784
607,2000,8,1029,13,61650,24,2,1,0.37210079552666114
635,2200,11,2108,679,115032,62,1,37,0.5669981250360578
507,1500,8,798,329,93445,45,2,28,0.4521053409812065
766,18300,7,16320,12248,414907,62,2,41,0.4473457526080477
362,2300,2,1693,921,131921,52,2,34,0.49654456772380484
844,22300,3,11519,1081,312224,22,2,0,0.21248063595597225
670,5000,5,3338,1995,113130,29,2,5,0.39605630685423965
481,1300,13,759,451,143322,26,1,7,0.5977104034455375
803,27700,12,26500,12605,368421,55,1,40,0.5181455500685249
725,8800,4,4408,908,350761,30,1,9,0.36352822292618625
597,2100,9,1052,992,39615,26,1,9,0.5770964047443681
511,2300,1,1332,905,318609,53,2,36,0.3749822134387352
580,2100,13,1656,1108,35521,38,2,20,0.5855235902587244
730,9600,10,8762,1004,449073,27,2,2,0.4051107854773195
385,2800,5,2664,603,391125,58,0,42,0.7656296185425513
683,10600,10,5877,413,353817,55,2,35,0.36289010580322
344,1600,7,1191,512,83276,62,1,45,0.63965625
748,11400,10,9515,6967,460506,55,1,32,0.5362036383481328
677,6700,6,5663,44,345426,50,1,33,0.4467727664556618
583,2200,11,2147,69,90188,31,2,6,0.47670267049060333
435,1300,10,919,917,327476,65,1,42,0.6734540984143823
380,1000,4,873,381,59099,69,1,45,0.6178327683807318
642,5800,3,4350,1970,304345,55,0,36,0.6079937304075235
445,2800,2,1470,488,325206,69,0,52,0.618231891269824
794,10100,11,7861,2505,170558,65,1,50,0.45865316554010815
429,1300,7,798,376,120826,56,2,38,0.5018251748251749
443,2600,3,1954,769,323603,45,0,20,0.6920961538461539
829,34600,0,29314,515,351387,55,2,34,0.16386192853389384
643,8100,14,4363,1473,411566,41,2,23,0.42250951294540917
327,3000,13,2538,2192,173138,35,2,12,0.689595018830153
451,1200,3,670,420,62324,21,0,0,0.6676136363636364
417,1000,4,504,60,293887,62,0,44,0.6475145865625499
399,3000,11,1814,1601,397265,52,2,27,0.5799981250360579
315,1100,9,1072,190,42859,56,1,38,0.7313691320170954
625,2000,0,1349,181,28325,64,2,42,0.29202272727272727
358,2900,1,1818,869,225144,44,1,22,0.5126191222570533
698,8800,13,7865,6089,277105,51,2,33,0.522310927921062
476,1600,10,1335,214,146369,59,2,34,0.5131903309318648
693,5000,10,3767,2398,136098,45,2,29,0.45428521729550125
681,5000,13,4371,412,59878,28,1,10,0.510675927921062
736,14300,9,12207,8651,454143,22,2,0,0.46170479635275974
440,2100,7,1319,939,338534,32,0,7,0.7476493506493507
652,2200,10,1187,1072,115969,31,1,15,0.5169943082045921
444,2600,6,1662,505,458643,49,0,26,0.6999324314175654
407,1000,14,759,723,287246,29,2,10,0.6440081661440623
824,24100,0,23368,21411,247431,46,2,31,0.3155256506978499
816,20000,3,13651,11016,61816,46,1,25,0.4004570454545454
793,10000,6,6377,2996,81053,55,1,35,0.40687183701197116
795,10000,6,5617,2919,105086,59,0,36,0.5434077461028802
558,2000,6,1506,256,382890,65,2,42,0.430245018830153
441,1000,3,583,269,229543,31,2,9,0.4387090909090909
583,2100,12,1630,1156,36999,55,1,33,0.655385622270691
413,2500,8,2068,1401,313577,69,2,51,0.5902726137084793
401,1200,0,847,770,381038,26,2,9,0.4312159090909091
491,2000,2,1060,988,350159,58,2,43,0.421029943217876
372,1100,14,914,41,85361,20,2,3,0.567844529780426
659,3000,13,1802,83,388699,20,0,3,0.621435927921062
609,2000,10,1655,203,41302,24,2,8,0.4968670354773194
754,13100,3,8614,7108,299700,30,2,11,0.34865926439972245
828,33900,8,19651,5935,440541,35,2,11,0.30670863945264665
525,2100,0,1456,393,324281,56,0,34,0.5297987012987013
357,2900,8,2786,705,159709,28,2,12,0.5881561246802661
367,2000,8,1926,1911,339061,61,1,39,0.7658167046175702
710,8000,9,4991,3390,401832,42,1,27,0.48687651838073176
620,2200,13,1920,400,145383,63,0,41,0.703095018830153
741,11500,11,10205,2815,231984,22,2,5,0.4236196665380341
617,9000,6,5809,558,381114,22,2,6,0.3773935036786378
721,5000,1,3248,2287,12202,37,2,15,0.34968636363636363
350,3000,6,2956,1284,486815,42,2,25,0.6046404733756076
402,2900,10,1859,1136,334681,23,2,0,0.5565217376716769
381,1800,14,943,571,102522,65,2,46,0.5596930146289109
533,1700,7,1308,1253,383440,65,1,51,0.6200614973262032
310,2300,2,2294,1124,458139,20,0,3,0.7976157139688642
583,2100,12,1523,649,35985,54,2,32,0.5365284794135481
565,1400,4,1063,262,224534,59,2,41,0.41260614500410836
307,1100,2,684,211,328106,68,2,50,0.47311176139969424
641,7300,3,5159,918,385153,31,2,16,0.34486986301369865
368,1700,8,1063,857,466864,68,1,46,0.6469989238689071
696,9500,7,8050,3740,328745,63,1,48,0.5061578947368421
489,1100,6,800,322,371859,62,2,42,0.48245865519378933
350,2100,2,2096,1511,375261,59,2,43,0.5891637094516423
714,5900,3,4380,4238,205691,18,0,3,0.6309198767334361
690,9500,6,7764,5738,302892,34,2,10,0.4512844925143635
446,2300,14,1265,1209,164522,66,0,47,0.7903287195037462
775,10600,13,7629,5994,294842,43,0,18,0.6672369570805817
841,23900,1,12005,6104,393239,49,2,26,0.19274572080639024
670,16000,9,15525,100,492349,68,2,50,0.41939896156254997
784,16700,4,16473,3157,381728,31,2,11,0.34741377001382917
815,20000,3,19037,9650,102292,24,0,7,0.5810615909090909
797,10100,10,8182,664,104179,53,1,30,0.42843872764653634
610,2000,5,1137,1104,150992,64,0,39,0.6564140341269669
548,1500,6,961,355,214096,30,0,14,0.6592404733756074
540,1800,7,919,348,431332,32,2,7,0.4214924242424243
592,5200,7,3468,2901,232362,26,0,7,0.7009938811188812
303,3000,6,1513,437,213517,50,1,28,0.5865041097392438
380,1800,2,1356,191,197374,66,1,48,0.5218011553390881
771,18400,5,17498,7445,379880,23,2,1,0.39349688985819226
449,2800,6,1433,217,193286,30,0,15,0.6610333305184646
819,30200,4,19805,4768,367824,50,2,27,0.2772386383385885
823,21700,0,12377,8895,220758,63,2,43,0.18431420192710513
374,1600,7,1121,233,102935,61,2,41,0.5183011363636364
810,22700,1,11696,459,233131,29,1,4,0.2485012014417301
435,2400,11,1384,916,314492,59,2,38,0.5366344886724215
555,1100,2,594,202,21968,43,0,23,0.5718844886724215
328,1400,10,1373,937,142431,66,1,43,0.7577443082045922
491,1400,6,1037,555,70595,28,2,4,0.49912099285612693
549,1100,3,945,455,38889,50,0,30,0.6777272727272727
518,2400,14,2331,2087,213235,59,2,43,0.6473786206895168
659,2400,2,2294,926,107196,63,2,42,0.3923163068542397
475,2600,8,1766,1323,448242,62,2,40,0.5321623339881997
507,1100,7,1026,634,438412,46,2,27,0.5572727272727273
669,2000,14,1496,367,92768,45,2,31,0.4423422570531532
342,1800,6,1386,886,200667,57,2,36,0.5856101703453045
502,2200,11,1628,255,145973,35,2,15,0.49081630685423966
613,2200,2,2132,23,305098,36,2,12,0.35890721594514874
595,2000,10,1032,323,35130,23,2,8,0.4655056718409558
788,19000,4,17810,14552,449502,46,0,31,0.6497676966103968
607,2100,9,1093,1,71317,43,0,24,0.6046938073417707
370,2100,1,1604,612,417982,69,2,55,0.45146753246753246
669,2100,9,1575,512,46868,32,0,16,0.6474405605885241
395,1300,13,896,275,110264,47,2,27,0.5573013125364467
451,2200,4,1418,63,446154,33,2,17,0.4234373138352773
750,14500,7,7718,3807,296747,54,1,34,0.4146786833855799
319,1100,3,682,94,98697,30,2,7,0.47218181818181826
497,2700,2,1950,1220,457908,42,0,28,0.6658137816017144
759,10100,10,8897,8191,176963,44,2,29,0.49311739551332306
776,19600,12,12438,11753,432742,58,0,38,0.6537935536250509
455,1000,14,514,502,217868,23,2,7,0.5522899843258805
402,1000,8,556,264,101707,60,2,42,0.5101326137084793
322,1300,4,1004,73,333328,31,1,16,0.5803656355135989
608,2300,2,2078,993,428025,35,1,11,0.48953073373170997
331,2300,1,1840,427,322834,39,0,19,0.6837569169960473
326,1100,7,634,328,11145,28,1,5,0.6693636363636364
731,5100,6,3287,1625,73621,20,2,2,0.36392924342908345
569,2100,8,1096,467,128702,29,1,10,0.4978663799422456
678,10400,0,5802,3815,498882,62,2,43,0.24188854895104897
745,21800,11,14670,13210,462691,49,2,26,0.4438102601486517
661,3200,3,3000,307,448301,63,2,49,0.3659247159090909
662,2000,7,1004,454,34835,63,1,48,0.49480454545454544
631,8100,0,6887,5925,439720,34,2,15,0.3618047138047138
537,2900,12,2313,1892,394215,20,2,5,0.5697947131797818
385,2000,9,1512,1340,441493,67,0,49,0.8413600411080046
814,30100,7,19943,17425,487186,52,2,27,0.37758290546662643
369,1000,8,559,255,21846,57,1,36,0.6492326137084793
348,2300,14,1790,465,432359,42,2,20,0.5955915653535484
626,3800,3,3432,561,302140,29,0,10,0.6094366028708134
649,2000,8,1071,745,19926,19,2,5,0.461059886435752
521,1500,11,805,436,359524,64,2,39,0.47789357958151235
752,14300,12,12405,5457,318879,56,2,32,0.4419310768161455
427,1100,2,790,372,197917,36,1,12,0.5299753977633306
725,11600,11,9893,4143,469125,27,2,10,0.4425663068542397
611,2400,0,1815,846,205020,25,2,4,0.29994886363636364
483,2200,5,2089,184,335371,45,1,27,0.5510435795815123
785,15300,14,8845,5848,362637,31,1,7,0.46893900393372356
575,1900,11,989,425,263429,19,2,5,0.44087970398342624
526,2600,5,2300,2200,434529,29,2,15,0.5611362369241697
507,1000,9,915,882,382407,60,0,44,0.841555495653459
513,1000,0,659,582,42189,42,2,26,0.4143318181818182
595,4300,4,3785,690,219999,19,1,1,0.48811014681624976
548,1000,8,926,63,20275,50,0,29,0.6941189773448428
637,5200,11,3857,3839,264944,63,0,43,0.7480663068542397
680,5100,12,3557,153,78567,19,1,1,0.47141236023860544
671,5100,6,3353,71,76739,28,2,11,0.3474372648194578
652,9200,6,7729,1836,497178,43,2,25,0.411318833059402
820,33100,5,23053,11454,463177,34,1,18,0.3992606216029351
439,2700,5,2375,449,477101,68,0,52,0.7229551957431285
327,1700,9,923,646,324321,25,2,6,0.5672648539422291
541,1100,5,681,334,219433,34,0,15,0.6581117613996942
557,2100,11,2044,1882,405343,26,2,1,0.6178585146464475
517,1700,8,1257,605,124527,46,2,22,0.4991540040828109
420,1800,1,1348,961,481156,45,0,24,0.6878712121212122
560,1200,11,1062,38,77805,66,1,44,0.5485663068542397
325,2700,4,1778,1593,430185,46,2,28,0.5670105461585095
630,3800,6,2607,2182,175753,52,1,28,0.5294072197870907
350,1000,12,649,185,13734,26,2,7,0.6123947131797819
379,2500,11,1914,1420,457908,64,1,50,0.6933790341269668
441,2200,4,1477,44,357043,48,0,25,0.6557100411080045
382,3000,9,2162,1839,200420,47,2,23,0.6038736774716409
731,5000,0,2606,1460,75056,42,1,21,0.2760709090909091
538,1400,0,925,255,443613,51,2,36,0.29324675324675326
447,2500,1,1467,459,463054,50,2,25,0.3737418181818182
333,2500,3,2353,2192,228208,60,2,35,0.6326999999999999
674,5100,11,4446,2435,24504,38,2,23,0.5366304779772343
386,1200,6,626,73,88107,19,2,1,0.4636518370119711
580,2900,6,2808,2574,122622,36,1,20,0.6414743291749806
653,2700,2,1361,1177,108113,59,2,44,0.3347935795815124
452,1600,13,1511,709,492374,31,0,9,0.829401837011971
531,2500,5,2207,405,160564,23,2,5,0.4559681250360579
335,2700,13,2490,542,156319,40,2,20,0.6179030996382338
355,1300,0,906,676,172826,68,2,54,0.4325384615384616
833,27900,3,26263,19050,281873,55,2,33,0.3763455522971652
824,20000,2,13399,2257,183609,25,2,9,0.23348630685423966
337,1100,14,765,433,205165,50,1,34,0.6918899843258803
693,7100,4,6596,6329,220391,66,1,46,0.5605234213896946
740,13000,4,6956,3496,260634,43,0,19,0.5366964047443681
460,2700,12,1878,1744,245309,57,2,32,0.5885169354020041
311,1300,5,1274,1247,136627,45,2,23,0.6901327404206732
528,1100,3,927,807,12073,20,1,0,0.6328181818181818
441,2700,9,2241,769,246450,53,2,33,0.5442277178756812
835,28700,12,22597,9887,354526,33,2,11,0.38661717120955696
476,3000,10,1612,1253,471874,64,2,50,0.5112215809318649
576,2000,10,1164,558,382236,29,0,6,0.6766670354773194
413,1100,6,971,186,344977,28,1,4,0.5967768370119712
807,20100,14,11911,2994,69720,20,2,4,0.3511213276094626
356,1300,1,1140,827,321970,69,2,44,0.526506993006993
632,2000,7,1695,1071,86990,47,2,23,0.4815409090909091
607,5200,0,4429,1316,264163,51,2,37,0.3011756993006993
349,3000,14,2586,1291,410697,32,1,17,0.7169218025076987
768,14800,7,10388,6166,414984,68,1,44,0.45504975429975436
815,20000,6,10426,7036,35011,19,1,5,0.43724183701197106
468,1000,2,833,499,15982,34,0,17,0.7026844886724215
646,2600,13,2045,869,133598,65,2,45,0.47621040344553756
566,2000,1,1827,770,448712,22,2,6,0.398865909090909
758,10100,14,9282,7568,15606,23,2,9,0.562410236351083
540,1400,13,1324,448,86442,46,0,31,0.771133979869114
383,2700,3,2535,1709,245176,21,2,4,0.5730505050505051
599,2600,4,1523,599,143770,50,0,33,0.6026103907583542
827,47500,10,42385,29623,491289,32,1,10,0.5108198105969367
737,10900,9,5702,759,381825,33,2,14,0.3313728851447018
589,5300,2,3719,1763,325448,40,0,17,0.6030354320686478
552,1600,14,864,691,144018,30,0,8,0.7265803252349714
700,5000,13,4993,1383,127469,38,2,22,0.47482956428469847
776,10500,0,9876,6264,239902,40,2,22,0.28920779220779225
749,10800,9,7794,6112,445472,22,1,2,0.505144384542348
802,20000,5,17232,12576,119125,30,1,7,0.4746263068542397
307,1300,2,1203,734,370742,47,0,33,0.7995663068542397
747,11100,4,8046,6957,244705,38,1,23,0.4656578298057932
490,2700,8,1646,1113,446052,41,1,20,0.5754103914862571
648,8200,8,5105,2211,367569,36,2,19,0.4091437001829804
467,1900,0,1417,885,329567,58,1,38,0.45582775119617225
664,2000,4,1239,32,27582,31,2,10,0.37096685928982265
573,1600,6,1092,600,494715,68,1,48,0.5249018370119711
814,29300,12,15860,1712,314682,25,1,6,0.3913446666392917
773,10600,8,8818,2167,216969,41,2,20,0.37394436327966285
668,2500,6,1409,1037,125240,36,2,12,0.39485501883015295
781,10200,8,8688,7911,384076,56,2,35,0.4589628276122226
623,9400,6,6227,3935,393425,65,1,50,0.5057091387527834
676,5100,7,4241,125,22426,29,2,6,0.43250267379679147
481,3000,4,2966,896,259019,50,2,27,0.5019236774716408
520,1200,6,695,229,66031,33,2,13,0.43086774610288026
447,1800,3,1739,1012,380414,68,1,44,0.6124318181818182
389,2600,1,1795,836,377171,23,1,1,0.5113339160839161
685,5000,7,3514,614,108416,18,0,3,0.59884
421,1100,9,1031,880,62311,23,1,1,0.7216873138352772
514,1000,1,553,299,88742,34,2,15,0.35552727272727275
430,2600,9,1626,167,444280,42,1,19,0.5604478033457668
442,1100,9,1070,276,26070,25,2,7,0.610096404744368
447,1000,6,579,503,58465,56,2,34,0.5108495642846984
664,2100,2,1726,1038,70103,25,1,8,0.4612221510100838
726,6900,9,4867,3414,225458,44,1,19,0.5024817802384393
355,1800,0,1407,367,343783,53,1,36,0.4728333333333333
332,1000,13,657,83,47268,24,2,10,0.6118222915574256
579,1300,11,1299,47,194590,50,2,26,0.4827376355255683
771,20800,12,20744,18290,418918,28,2,4,0.5274262691238379
746,10000,3,5786,2001,182149,51,2,35,0.2890777272727273
317,2100,12,1346,202,491450,29,1,14,0.6378661417512105
702,5000,8,3846,246,73598,32,2,7,0.3735289773448429
718,5300,7,4260,1193,265700,33,1,12,0.46433018867924536
417,1300,4,1103,794,432994,33,1,10,0.6317992019471653
484,1200,11,899,62,69328,42,1,21,0.5657367613996942
444,1800,2,1355,1141,157448,23,0,1,0.7217935795815124
605,4300,11,3419,396,195155,42,2,19,0.44869315674853144
627,4500,12,3782,2802,203481,52,1,33,0.6058522889373577
769,16300,2,9883,7873,399436,44,0,24,0.5294650798603746
483,2800,11,2390,291,305326,46,0,23,0.7396913068542397
569,2500,5,1859,554,377727,50,1,30,0.5017553977633306
449,2200,3,1607,816,113693,60,1,41,0.5474772727272728
848,20000,11,15629,9035,57372,37,1,13,0.4651372159451488
662,2800,12,2502,2396,154694,28,1,4,0.6328693885044572
495,2300,7,1987,1501,382909,25,2,3,0.5638418972332017
657,2000,7,1313,1061,13558,38,2,16,0.4907772727272728
620,4200,5,3415,541,319524,23,2,4,0.4000792938672266
576,1200,11,999,942,77179,19,2,1,0.5714185795815124
440,1000,3,879,452,57097,69,1,50,0.5860136363636363
488,1500,5,1363,1093,364914,49,1,26,0.6393935795815123
398,1200,0,976,908,147115,54,1,38,0.5409545454545455
800,24500,5,14239,8114,369179,29,2,9,0.3138304998041469
433,2900,9,1658,434,468874,20,0,6,0.713848755841547
537,2100,9,1697,1163,130994,57,2,35,0.5376548463028098
385,1000,8,810,244,85437,29,2,10,0.552959886435752
516,1600,4,970,41,498497,25,0,10,0.6126958365625499
517,1100,0,794,716,18076,35,2,15,0.4322727272727273
440,1300,0,975,99,175350,23,2,3,0.3352867132867133
363,1000,2,635,540,42123,43,2,27,0.5518617613996942
831,20000,5,10162,16,118770,56,2,40,0.23921948867242146
605,3300,3,1705,447,249395,47,2,27,0.33418181818181825
672,5400,13,4731,3326,171897,28,1,12,0.5950823925675266
725,8700,9,8051,5394,410052,46,0,23,0.7047249313901361
344,2000,3,1325,684,168522,55,2,39,0.505675
657,3700,1,3303,1824,216243,38,0,19,0.595578624078624
760,10100,13,9099,7831,208432,35,1,10,0.5827124805763276
730,6600,13,4501,3208,438414,26,2,12,0.44511774610288024
383,1000,1,828,712,123515,21,1,3,0.5932727272727273
352,1300,8,1283,596,74233,56,0,41,0.8516675787434443
752,10000,1,9075,5963,157288,56,2,31,0.34511545454545456
485,2300,12,1781,1776,446352,62,2,37,0.6079093376857108
781,10100,8,5994,5361,257154,34,1,16,0.4584985002971381
316,1000,13,792,241,49540,47,1,33,0.7380450188301529
659,2600,9,2518,933,124145,39,2,24,0.47701074040870384
490,2800,4,1639,137,438316,47,1,23,0.47487562552358886
846,38900,11,31878,4292,430391,26,2,3,0.345539314566322
382,1400,2,1352,281,119655,24,0,6,0.7169396834776163
823,29500,11,16175,7765,431379,39,2,20,0.3382496658681071
438,1300,8,1042,777,416062,58,1,36,0.6556535927294583
534,2800,2,2001,1775,344683,20,2,4,0.45017020295813576
322,1400,6,1264,594,187993,52,2,27,0.6044391746743087
629,3200,11,3183,2852,153370,30,1,8,0.6625932954906032
735,5000,8,3559,856,99409,30,0,11,0.5932189773448429
388,1800,11,1034,734,478035,34,0,16,0.7865814583693912
537,1500,6,846,649,480944,24,1,1,0.5321404733756075
668,2100,2,1706,1435,64064,67,0,47,0.6363325406204734
815,20000,12,11950,6363,31043,47,2,28,0.41327857681614555
462,2300,5,2278,408,222473,63,2,38,0.5057856744431724
822,25400,4,23698,13213,319079,42,0,22,0.5968020239283338
556,1900,7,1324,525,394263,53,2,35,0.45461004784689
333,2000,2,1315,450,249099,28,2,4,0.4716231250360578
435,1000,11,906,873,346572,51,2,32,0.6597344886724215
388,2000,0,2000,699,394780,62,2,48,0.437425
560,2700,9,2508,393,411259,39,2,15,0.48408125322921663
499,1900,2,1023,599,135922,47,0,25,0.6168462111604598
732,5000,4,3766,1012,353450,27,1,3,0.4130727683807318
325,1400,1,1020,64,84447,45,2,20,0.42977922077922076
331,1100,6,721,622,60111,35,0,11,0.8094132006483348
550,2100,5,1376,335,421439,45,2,26,0.4128260471139799
376,2400,10,1524,801,216401,58,1,39,0.6337386263864103
617,2000,11,1285,959,10137,29,0,14,0.7034572159451488
313,1900,14,1023,719,111119,41,2,18,0.6019617546608087
641,6400,14,4078,2728,412540,42,0,19,0.699860154780426
384,1900,1,1543,649,103438,22,2,3,0.4598708133971292
547,2700,2,2579,488,265759,36,2,12,0.4123642866522194
626,7200,3,6938,3302,499238,32,2,13,0.4401515151515152
413,1500,4,1059,340,350705,51,1,32,0.5546327683807317
432,2000,11,1402,152,118476,24,1,3,0.5857981250360579
720,5100,2,3130,1708,103365,65,2,47,0.3056331517740257
684,5100,2,3926,932,61896,30,2,9,0.32258502343177975
680,5100,4,3996,1224,94954,22,1,3,0.44689854378180127
698,7200,4,4210,776,249314,43,0,19,0.5390623138352773
758,17400,0,11313,2277,425042,62,1,39,0.25897335423197493
655,2000,4,1351,315,46555,64,0,40,0.5796827683807317
789,10000,4,6731,1797,173835,69,2,44,0.2967436774716409
611,3300,0,2304,788,393088,67,0,47,0.49918181818181817
748,10000,2,9598,260,82240,48,2,23,0.2984817613996942
331,1700,7,1174,317,121519,59,1,38,0.6174679144385027
437,1600,4,1096,645,87796,41,1,19,0.5670424274716409
385,1900,9,1663,386,245495,29,2,8,0.5642231990027413
428,1000,9,548,208,332103,50,1,29,0.57131458656255
360,2300,10,1913,1601,485450,23,0,6,0.8748727667026158
651,3900,12,2522,759,174879,66,1,45,0.5016688390539078
561,1300,6,1041,59,127057,24,2,1,0.4236544593895935
595,5700,3,3520,597,446346,44,1,19,0.4242511961722488
327,1100,12,1041,840,27775,69,0,44,0.8542492586343273
460,2900,10,1495,310,309017,33,0,11,0.6936063771701094
386,1800,1,1304,694,111349,36,2,20,0.4524090909090909
340,2600,1,1837,1734,328108,39,2,25,0.5128374125874126
478,1800,3,1761,820,102117,58,2,33,0.5091742424242425
694,9900,0,6455,3870,406987,25,2,2,0.2523484848484849
708,5600,5,3783,1181,215658,37,2,21,0.35175786529579806
743,10000,7,7378,1689,49539,27,1,13,0.4846413636363637
816,40400,9,29955,19804,409286,24,1,6,0.46629971257515124
601,2000,5,1984,405,26986,33,1,18,0.5716049432178759
508,1100,1,762,416,74442,63,2,42,0.3910909090909091
777,10000,1,8114,1897,78661,51,0,32,0.4833468181818182
583,3200,3,2837,826,172980,52,2,35,0.4180667613636364
322,2700,2,1439,983,342088,45,2,24,0.4788036805916134
796,13800,8,11322,4324,355422,59,1,40,0.4531069220088745
515,2300,9,1978,1258,362948,60,0,40,0.779412610277965
444,1000,6,612,245,43029,69,1,47,0.6034632006483347
747,10100,13,5803,4687,45882,30,0,8,0.6429780071289828
801,23900,12,14453,11589,263605,34,2,20,0.39573822782413337
486,2500,0,1710,276,217876,55,2,41,0.30961454545454553
694,9000,12,5068,2904,319276,41,1,20,0.48879774348281224
427,1000,0,790,146,477417,29,2,11,0.35767272727272725
796,13300,10,8459,2970,277982,61,1,44,0.4264155317179209
413,2100,9,1737,520,244535,27,1,2,0.6259470540950175
565,2500,2,2315,2234,493223,60,0,46,0.7317335795815123
301,1100,0,653,58,73719,22,2,6,0.3715
846,20600,10,19195,15792,212651,57,1,43,0.5295494714879108
694,5400,4,3774,1596,435391,64,1,41,0.4361721623201257
838,20500,0,12369,7024,222158,60,0,36,0.39735454545454546
468,1800,4,1003,360,143291,63,1,40,0.503316101714065
351,2000,4,1696,974,281445,44,2,20,0.5681645865625499
747,16600,2,8833,4147,422260,28,1,6,0.34335546348074564
665,3400,5,2127,641,200056,45,2,31,0.36045668118579044
812,20000,11,19017,6368,120741,31,2,15,0.41190835230878514
829,23000,7,13299,2292,384693,21,1,3,0.3612258893280632
831,23400,14,21352,12694,240584,37,2,18,0.4472244831603793
753,10000,7,9290,6908,189836,20,2,6,0.46206090909090913
786,16000,13,14619,3247,403666,41,1,21,0.48695240519378924
550,1700,6,1340,231,242484,34,1,12,0.5153490295253401
501,3000,12,2368,1404,203778,59,0,44,0.7822583495434182
838,20000,8,13637,6270,154939,42,2,26,0.3382532955266611
686,7800,1,7367,1632,274438,52,2,36,0.3226031468531469
792,10100,2,6051,1703,126919,42,1,23,0.3207701772412783
827,42000,12,34154,6280,485869,26,2,3,0.36488367421874296
723,10700,6,5420,3167,326876,34,2,11,0.34347352350305016
749,15400,4,11758,5033,342129,22,0,1,0.5755541969521603
438,1000,10,691,462,451141,44,2,23,0.5581943082045923
559,1000,0,692,431,365894,58,1,40,0.4007227272727273
468,1300,10,1248,813,458494,50,0,30,0.8344156368759208
635,4200,14,3129,1509,181609,36,2,19,0.4837146596505558
427,1100,7,1059,911,65110,33,2,14,0.635909090909091
831,20100,3,10908,2063,187150,34,1,17,0.3054348710990502
717,8500,7,8344,3197,445215,69,2,52,0.4391192513368984
549,1300,10,759,358,176284,33,0,9,0.6886743781346621
550,2600,8,1887,1576,213364,28,1,6,0.5946483479742135
360,1600,8,1526,1312,198227,21,2,0,0.6722860227993884
520,2100,4,1261,612,365607,54,2,36,0.42488211903008244
301,1000,7,756,164,240865,39,1,16,0.6375454545454545
345,1600,11,1282,425,324450,26,2,8,0.5938248295815124
624,2600,7,1794,1394,136987,34,1,17,0.5366503496503496
524,1800,5,1486,1140,385646,65,2,41,0.5212632765512093
439,1700,9,1330,1289,269315,66,0,44,0.8340028218566676
749,14800,10,11596,8975,400439,48,2,33,0.4523705367058207
492,1000,11,944,536,94869,32,2,15,0.5889753977633305
511,1000,7,644,138,14391,25,2,6,0.49639090909090916
443,2900,14,1589,1172,380381,39,1,18,0.6231548746080121
590,8700,9,5962,1911,390180,18,2,1,0.44501960223653114
447,1400,12,1167,44,199587,67,0,49,0.7479538040888727
438,1900,14,1239,420,186036,22,2,3,0.5385909412636795
503,2900,7,2848,986,490165,52,2,38,0.531037617554859
637,8500,0,6882,4138,378338,49,1,25,0.39128877005347595
623,2100,8,1733,999,24922,40,0,21,0.706820925396791
608,2100,1,1618,1567,31092,30,1,11,0.5375
828,24400,7,17797,8216,279641,63,2,45,0.3449159836065574
360,1500,10,923,812,150744,27,0,2,0.8191988536591376
611,2400,11,1261,464,238406,59,1,35,0.4956969886724214
512,2600,14,1504,1277,250926,28,0,5,0.7594232011090972
431,1800,6,1721,578,90028,27,0,6,0.772405624890759
592,2000,2,1145,509,416207,38,1,24,0.4205708523087851
583,6100,9,4237,2046,451560,53,0,31,0.6919600411080045
748,10100,13,7422,487,109111,19,2,1,0.37919177850612057
777,12700,3,10429,5409,259750,57,0,34,0.5702448103078024
569,1300,7,656,306,79585,46,2,23,0.4137272727272728
321,1100,7,728,691,17364,27,0,4,0.8339545454545455
446,1500,9,1223,355,356609,36,2,18,0.5325327683807318
480,1300,4,715,517,129814,51,2,33,0.4514320690800325
819,25200,14,22499,14557,257870,21,0,2,0.6800068674427636
405,1300,1,1215,203,253271,20,1,5,0.5158881118881119
725,8100,1,4625,3742,302490,26,0,11,0.5117626262626263
615,2300,7,1591,17,107073,25,0,11,0.6116877470355732
643,2000,11,1627,1479,48239,51,1,28,0.6562890341269669
646,9700,14,8973,6734,467931,63,2,39,0.5559635550850183
614,4400,7,4351,2870,204891,62,1,37,0.6034431818181818
849,20000,3,16424,1454,204696,37,2,17,0.2595395454545455
310,1000,6,919,610,254901,32,0,18,0.8651722915574257
762,10800,8,7086,672,217230,37,0,20,0.5562462500721157
808,21000,0,14013,11434,210981,37,0,21,0.4508551948051948
429,2100,5,1244,386,178747,48,2,27,0.4620403328282656
321,2300,9,1781,949,403634,45,0,24,0.8345944284597832
439,2000,9,1997,456,243171,44,2,26,0.5618895865625501
579,1300,11,835,41,337902,44,2,28,0.42850686629479906
561,1300,4,662,272,382571,33,0,9,0.6052292718772352
483,2200,6,2160,502,357779,52,1,28,0.588685927921062
363,2900,6,2019,976,413284,56,2,41,0.5416451755699649
708,5000,11,4728,4683,137413,48,2,27,0.5511235795815124
535,1100,6,1041,463,13875,43,2,25,0.5636404733756074
388,2100,11,1503,1428,297114,50,2,35,0.6236052678932007
791,10100,4,7465,6691,39161,38,2,19,0.4281522103249262
724,5000,13,4443,3706,188351,61,2,40,0.5171104733756074
817,20400,13,11407,9248,326004,18,2,4,0.3822427461028803
676,6000,0,4687,4427,194626,47,1,30,0.4069409090909091
335,3000,13,2089,726,313040,54,2,29,0.5902086551937894
687,10900,7,8111,4260,470705,21,2,0,0.41933402835696415
518,1000,13,583,368,54609,37,1,18,0.583926837011971
509,1800,7,1390,548,335531,34,1,15,0.5665000000000001
302,1100,6,691,90,19203,56,1,42,0.6459586551937893
570,1200,5,795,795,66715,21,1,2,0.555270852308785
542,2200,3,1282,17,112783,61,2,36,0.35356818181818184
378,1500,4,902,560,340862,63,2,47,0.5018418592898226
452,2700,6,2093,920,318309,31,2,11,0.51366572590086
687,5000,3,4222,1226,152832,39,1,21,0.4375309090909091
632,8200,5,5703,3810,469342,54,0,38,0.6523573268098937
354,2100,0,1379,994,498555,41,2,18,0.41995454545454547
797,10000,12,7684,7178,44778,59,0,41,0.6820428949979637
684,5100,9,4874,1479,56892,39,1,23,0.5284038913753841
375,1800,6,1067,338,227060,45,2,21,0.49836017034530444
479,2800,6,1423,66,183394,54,2,36,0.41377196688210105
686,8100,0,6535,3799,272546,40,1,24,0.36591582491582486
342,1200,5,1110,1085,366650,20,1,4,0.7345322159451487
819,20000,8,10710,1994,170986,40,2,25,0.29286715916302475
716,5000,1,4934,2583,95772,47,2,26,0.3614190909090909
565,2500,12,1717,1436,218982,56,2,31,0.5287474404525092
843,20100,0,12586,5075,170368,22,2,6,0.15998032564450473
757,15500,2,8165,1031,397161,18,0,3,0.46051440069588184
699,5000,13,4182,76,120451,32,2,11,0.41174410973924386
505,1700,13,927,746,222612,35,2,14,0.5198035749798856
454,1100,0,677,322,27792,33,1,12,0.4662272727272727
517,2700,11,1601,1480,371454,67,2,43,0.5267784280663609
793,10000,12,8740,1444,34412,21,1,7,0.5136910768161456
370,1200,9,803,361,140800,51,2,28,0.5547782229261864
372,2500,3,1299,932,156732,26,1,5,0.5511327272727273
656,2400,1,1683,1592,291714,31,2,13,0.3678693181818182
319,1000,14,683,264,432038,38,2,18,0.6037581661440623
604,3500,3,3259,2647,167308,28,1,6,0.5649324675324675
664,2500,9,1751,1386,198689,21,2,1,0.4638618592898227
754,10000,4,7201,4543,195918,27,2,11,0.36089276838073175
626,4500,4,3473,162,218048,32,2,15,0.36408125322921664
498,1700,3,871,539,497256,19,1,5,0.4844117647058823
607,2300,1,1545,592,166860,41,2,19,0.3248241106719368
744,12000,11,8099,4480,473053,52,2,38,0.409667443217876
599,2800,0,2000,278,400096,42,1,20,0.33612662337662336
377,2200,5,1646,489,111510,29,2,13,0.5148163068542396
446,1500,2,888,603,452321,47,0,31,0.6619844886724215
353,2500,7,1755,1733,484512,31,1,6,0.685189090909091
521,1400,3,1152,736,339276,63,0,44,0.7018311688311688
467,1200,1,1075,369,222313,61,2,46,0.429590909090909
456,2800,1,2530,2205,187317,44,0,23,0.7327516233766234
482,1000,6,535,101,18212,21,1,7,0.5530404733756075
361,1200,7,710,206,258692,52,1,38,0.5867727272727273
586,7800,5,4215,595,352021,51,2,36,0.3667481250360578
314,1300,14,872,784,100931,48,2,28,0.6550578164937128
471,1100,7,785,607,165997,18,2,3,0.5370909090909091
638,5900,3,5028,3978,321442,27,2,2,0.45032973805855164
738,9400,3,6833,906,377026,34,2,17,0.29940377176015476
642,9300,0,5151,3591,486971,44,1,30,0.33554545454545454
363,2300,0,1345,966,421889,66,2,51,0.3970810276679842
304,1000,9,761,587,18873,44,0,25,0.8664782229261863
740,21000,13,16871,10744,458443,52,2,35,0.4626177461028802
355,1100,7,1018,895,316144,69,0,47,0.8858636363636364
356,1500,12,985,299,124673,25,1,7,0.6379674404525092
708,5000,4,4585,280,164794,36,0,15,0.5765918592898227
488,2700,9,1846,422,286426,43,1,29,0.5566418592898227
330,1100,9,933,757,457220,49,2,32,0.65791458656255
796,10100,7,9407,5379,43004,61,0,41,0.6441395139513952
497,2400,6,1632,125,462001,39,2,20,0.4356347915574257
564,1200,3,615,314,426385,46,1,29,0.446125
662,5800,11,5406,3710,332243,20,2,3,0.5254612911802584
306,1600,10,1230,607,445504,33,0,13,0.8424630582045922
769,13200,6,11924,7453,419588,25,1,2,0.4973791097392438
789,10000,2,5066,1197,135245,69,0,47,0.4509203977633306
301,2200,11,1632,1109,298380,50,2,28,0.640679943217876
716,10200,13,6129,3074,322634,58,0,37,0.6366150723060887
700,10500,8,6931,3573,494331,53,0,28,0.6267352111110767
347,2500,13,1256,566,338983,60,1,44,0.6283241097392438
334,2800,13,1537,1124,454459,43,2,22,0.5924667720769061
725,5000,9,4711,52,107267,26,2,10,0.39080458656255
777,11300,2,8679,2862,355308,34,2,19,0.2906290582621238
400,3000,13,2234,863,473691,66,2,42,0.5747632006483347
394,1600,2,1311,600,149719,27,0,13,0.7156771023087851
386,2500,6,1681,168,229625,27,2,9,0.4872168370119711
460,1200,12,752,557,419938,53,2,33,0.550919713179782
409,3000,1,2341,1501,158292,53,1,36,0.5425545454545454
795,10100,0,6993,6481,25438,55,2,33,0.3001089108910891
542,2100,5,1105,283,151908,35,2,19,0.393390982178915
507,2700,11,2102,161,146602,68,2,54,0.48587943816737095
482,1700,5,1212,561,109513,57,2,35,0.4779620287793733
842,38400,14,30693,24649,404556,23,1,6,0.5151605809167895
607,5300,0,3963,3589,454926,20,0,3,0.5741903945111493
748,10000,13,7748,7241,99596,59,0,37,0.7115663824665166
417,2700,0,2364,538,154091,44,2,23,0.38304040404040407
846,20000,2,19616,6997,98794,22,0,6,0.5306638068542396
762,10700,3,8925,806,223479,57,0,38,0.5264158878504672
507,2300,6,1335,338,183320,36,0,15,0.6553855326641451
438,1300,11,1147,175,107663,66,1,52,0.6190593138472466
548,1300,2,1190,52,460485,21,1,0,0.4598285446164774
649,6200,8,3965,912,458148,19,2,2,0.39285182191962303
323,1100,13,1027,67,98032,23,1,2,0.6790950188301528
435,1800,12,1056,384,254662,26,1,1,0.5936583495434182
647,6100,5,5892,830,477953,48,2,31,0.4118159342759983
387,2900,13,2389,85,447215,48,2,33,0.553787808798805
342,1200,12,953,723,447267,52,2,33,0.6504310768161455
519,1900,12,963,889,337549,66,1,45,0.5816870576773895
803,20100,5,10272,2384,16012,69,2,48,0.320059522593724
762,10100,14,9255,5060,167968,52,2,33,0.47294353968141606
397,1400,14,1292,10,95630,45,1,24,0.6407536206895169
352,1800,12,1781,1266,121771,59,2,40,0.6903022889373577
518,2500,8,1740,347,359050,34,2,19,0.45962534098120655
500,1200,11,1133,840,76302,42,2,23,0.609964034126967
507,2800,6,2220,565,400148,19,0,5,0.6954732655833997
613,2100,13,2060,153,47167,18,2,0,0.5311664474015815
345,1000,7,998,66,197231,50,1,29,0.6391454545454546
349,1000,6,566,127,148352,61,2,45,0.49704501883015295
418,2000,3,1748,187,424115,36,1,18,0.5414886363636364
375,2100,11,1484,1192,347454,21,2,6,0.6113000730880059
778,11100,1,7654,2788,406155,58,2,43,0.24883538083538081
767,10400,8,8956,2172,218964,35,0,19,0.6067235227993883
705,5000,9,3541,1020,66052,42,2,17,0.3938354956534591
358,1700,0,1548,99,140735,50,2,27,0.3939598930481284
310,1000,14,671,618,498479,27,2,12,0.6591490752349715
723,7400,7,5893,2555,397121,69,0,46,0.628970515970516
444,2100,12,1857,1053,167833,40,1,19,0.6774245833096519
768,15200,14,13695,11246,468821,32,2,10,0.5037455465268373
427,1100,3,1060,499,47662,30,1,11,0.6548636363636363
355,1200,1,689,56,281131,65,2,51,0.39312500000000006
530,1100,4,699,391,291069,67,2,46,0.4351873138352772
406,1800,8,1799,26,491759,38,2,14,0.5373977652236308
372,2300,12,1355,1231,189021,58,2,37,0.5959468870928254
586,5400,9,3780,2662,389249,39,1,25,0.5650408491888126
330,2100,13,2096,426,187957,40,0,16,0.8568742396093737
827,36500,2,25773,16669,483041,56,2,35,0.2891218485727951
383,2700,0,2004,2001,248516,32,2,15,0.45977272727272733
698,5000,14,2761,540,32216,43,2,22,0.43846543887133504
774,10100,11,7416,6855,31636,48,1,34,0.5757391241359678
309,1500,3,755,98,116246,52,2,29,0.45620909090909095
712,9600,3,7456,5847,432600,68,2,43,0.3955866477272727
387,1100,4,582,203,58701,59,2,44,0.45859640474436814
584,2100,5,1080,263,170120,24,0,0,0.5960857873737202
606,5300,3,4681,3422,394591,60,1,36,0.5402392795883362
540,1100,3,550,178,47685,29,1,11,0.49018181818181816
653,2000,1,1952,1276,139672,32,2,14,0.40664545454545453
607,3200,1,2401,1000,448560,64,2,43,0.3448764204545455
635,8700,8,4373,3064,363349,51,2,30,0.4094476607304229
827,20000,11,14541,2333,123784,50,2,30,0.3412576704906033
801,20000,4,19998,4530,186791,37,2,21,0.34732913201709537
817,24000,13,14473,14253,369967,56,0,42,0.6349052461028802
609,2000,12,1273,649,69793,54,2,33,0.4637174404525092
361,1000,0,850,726,97678,58,2,41,0.48367272727272725
576,2300,12,1676,161,227053,41,1,18,0.5293717882785961
407,1800,12,1048,700,96871,30,2,16,0.5570522889373576
656,2200,10,1566,1558,100546,62,2,43,0.49915339911368306
579,3000,13,1911,907,364834,65,0,49,0.7044495642846984
344,2700,10,1803,1056,467163,54,2,30,0.5868049142651982
479,1900,2,1302,514,126125,60,0,41,0.641252909725053
666,3800,13,2259,1245,433711,31,0,16,0.662319899212928
420,1700,9,1390,706,447754,29,2,4,0.5714921266695018
607,2000,0,1002,655,95442,47,2,22,0.25972954545454546
685,5900,8,4319,473,219723,60,2,35,0.38032675854669196
552,1000,12,777,460,205764,32,1,14,0.6060265313616
760,13200,10,11857,9643,330956,65,2,45,0.4831988536591377
760,10100,0,6398,1809,123808,37,1,16,0.2627952295229523
750,10100,2,7558,6865,195954,49,2,27,0.363905640787633
786,23000,10,17347,4812,465482,21,1,3,0.4465777074140783
783,10100,4,6828,4162,14335,37,2,13,0.3847687719810918
518,1100,14,1094,243,18832,23,2,7,0.6035718025076986
438,1600,5,908,363,401930,36,2,17,0.4606771023087851
500,2900,14,2237,1354,236663,49,2,33,0.5651768181816799
717,6000,7,3913,26,192950,65,1,44,0.4089295454545455
500,2400,2,1824,4,338947,33,1,11,0.4525890341269668
331,1700,5,1170,360,98261,61,2,46,0.5251572159451487
362,1000,0,884,149,449166,31,0,11,0.6267681818181818
453,1000,10,559,465,318900,23,2,1,0.5320261263864103
453,1800,1,1737,1175,154270,47,1,33,0.5731212121212121
335,3000,14,1774,1099,306697,53,1,38,0.6730854388713351
843,20000,4,17448,16395,38444,18,2,2,0.44810072292618625
391,2000,13,1372,95,464510,64,1,41,0.6090291097392438
776,13200,3,9665,2198,306137,39,2,15,0.29344318181818185
300,1500,5,1329,125,100541,28,0,11,0.7746481250360577
778,10900,11,9102,8600,240967,57,1,42,0.5555809023504865
437,1000,1,801,384,260785,49,1,30,0.5154772727272727
469,1100,14,975,214,13993,48,0,34,0.7806627115986078
749,10100,1,7754,5389,439363,19,2,2,0.3161021602160216
